,id_area,region,area,palmitic,palmitoleic,stearic,oleic,linoleic,linolenic,arachidic,eicosenoic
0,0_North-Apulia,1,1,1075,7.5e-09,226,7823,672,36,60,29
1,1_North-Apulia,1,1,1088,7.3e-09,224,7709,781,31,61,29
2,2_North-Apulia,1,1,911,5.4e-09,246,8113,549,31,63,29
3,3_North-Apulia,1,1,966,5.7e-09,240,7952,619,50,78,35
4,4_North-Apulia,1,1,1051,6.7000000000000004e-09,259,7771,672,50,80,46
5,5_North-Apulia,1,1,911,4.9e-09,268,7924,678,51,70,44
6,6_North-Apulia,1,1,922,6.6e-09,264,7990,618,49,56,29
7,7_North-Apulia,1,1,1100,6.099999999999998e-09,235,7728,734,39,64,35
8,8_North-Apulia,1,1,1082,6e-09,239,7745,709,46,83,33
9,9_North-Apulia,1,1,1037,5.500000000000001e-09,213,7944,633,26,52,30
10,10_North-Apulia,1,1,1051,3.5e-09,219,7978,605,21,65,24
11,11_North-Apulia,1,1,1036,5.9e-09,235,7868,661,30,62,44
12,12_North-Apulia,1,1,1074,7e-09,214,7728,747,50,79,33
13,13_North-Apulia,1,1,875,5.2e-09,243,8018,655,41,79,32
14,14_North-Apulia,1,1,952,4.9e-09,254,7795,780,50,75,41
15,15_North-Apulia,1,1,1155,9.8e-09,201,7606,816,32,60,29
16,16_North-Apulia,1,1,943,9.399999999999998e-09,183,7840,788,42,75,31
17,17_North-Apulia,1,1,1278,6.9e-09,205,7344,957,45,70,28
18,18_North-Apulia,1,1,961,7e-09,195,7958,742,46,75,30
19,19_North-Apulia,1,1,952,7.700000000000001e-09,258,7820,736,43,78,33
20,20_North-Apulia,1,1,1074,6.7000000000000004e-09,236,7692,716,56,83,45
21,21_North-Apulia,1,1,995,4.6e-09,288,7806,679,56,86,40
22,22_North-Apulia,1,1,1056,5.3e-09,247,7703,700,54,89,51
23,23_North-Apulia,1,1,1065,3.899999999999999e-09,234,7876,703,42,74,26
24,24_North-Apulia,1,1,1065,4.500000000000001e-09,245,7779,696,47,82,38
25,25_Calabria,1,2,1315,1.3899999999999999e-08,230,7299,832,42,60,32
26,26_Calabria,1,2,1321,1.36e-08,217,7174,950,43,63,30
27,27_Calabria,1,2,1359,1.15e-08,246,7234,874,45,63,18
28,28_Calabria,1,2,1378,1.11e-08,272,7127,940,46,64,23
29,29_Calabria,1,2,1295,1.09e-08,245,7253,903,43,62,38
30,30_Calabria,1,2,1275,1.21e-08,215,7285,892,40,68,41
31,31_Calabria,1,2,1336,1.2e-08,318,7083,915,50,70,38
32,32_Calabria,1,2,1309,1.2199999999999997e-08,241,7257,870,46,72,35
33,33_Calabria,1,2,1340,1.14e-08,189,7337,820,48,72,21
34,34_Calabria,1,2,1299,1.16e-08,253,7309,823,40,69,27
35,35_Calabria,1,2,1221,1.0700000000000002e-08,221,7441,798,54,70,28
36,36_Calabria,1,2,1245,7.2e-09,283,7395,829,44,67,28
37,37_Calabria,1,2,1285,1.29e-08,244,7323,819,57,65,36
38,38_Calabria,1,2,1248,1.0700000000000002e-08,313,7299,840,46,66,33
39,39_Calabria,1,2,1356,1.06e-08,236,7209,866,48,75,36
40,40_Calabria,1,2,1260,1.0200000000000002e-08,228,7354,870,49,64,28
41,41_Calabria,1,2,1261,1.21e-08,312,7238,877,47,65,25
42,42_Calabria,1,2,1304,1.24e-08,279,7160,928,48,61,37
43,43_Calabria,1,2,1344,1.1699999999999999e-08,287,7129,897,51,65,41
44,44_Calabria,1,2,1323,9.6e-09,300,7351,757,47,54,26
45,45_Calabria,1,2,1292,1.1699999999999999e-08,215,7351,839,48,61,32
46,46_Calabria,1,2,1254,1.18e-08,244,7394,786,46,71,24
47,47_Calabria,1,2,1312,1.3100000000000001e-08,259,7167,939,41,69,20
48,48_Calabria,1,2,1213,1.09e-08,301,7261,925,47,65,31
49,49_Calabria,1,2,1359,9.8e-09,351,7262,780,41,56,16
50,50_Calabria,1,2,1266,9.700000000000001e-09,263,7435,743,45,69,29
51,51_Calabria,1,2,1298,9.899999999999998e-09,311,7311,787,45,67,23
52,52_Calabria,1,2,1272,1.16e-08,279,7258,872,43,72,27
53,53_Calabria,1,2,1278,8.7e-09,332,7379,771,44,53,24
54,54_Calabria,1,2,1184,1.1200000000000001e-08,311,7391,819,48,57,28
55,55_Calabria,1,2,1382,1.1000000000000003e-08,268,7241,828,39,60,30
56,56_Calabria,1,2,1183,1.46e-08,292,7580,618,38,51,23
57,57_Calabria,1,2,1261,1.5299999999999998e-08,219,7355,818,52,70,26
58,58_Calabria,1,2,1198,1.36e-08,239,7639,633,27,55,19
59,59_Calabria,1,2,1225,1.3400000000000001e-08,232,7658,616,36,49,26
60,60_Calabria,1,2,1339,1.66e-08,208,7190,923,40,69,25
61,61_Calabria,1,2,1132,1.57e-08,240,7641,638,45,60,31
62,62_Calabria,1,2,1381,1.8300000000000002e-08,245,7385,609,47,70,25
63,63_Calabria,1,2,1409,1.28e-08,257,7257,759,43,57,16
64,64_Calabria,1,2,1306,1.27e-08,250,7254,869,47,68,24
65,65_Calabria,1,2,1372,1.2e-08,250,7355,702,44,68,28
66,66_Calabria,1,2,1336,1.13e-08,242,7293,855,38,60,18
67,67_Calabria,1,2,1401,1.5100000000000003e-08,238,7164,857,45,72,36
68,68_Calabria,1,2,1390,1.1899999999999999e-08,234,7236,823,40,62,41
69,69_Calabria,1,2,1432,1.52e-08,281,7029,949,39,55,25
70,70_Calabria,1,2,1412,1.24e-08,298,7182,790,45,68,28
71,71_Calabria,1,2,1366,1.47e-08,291,7197,783,51,70,34
72,72_Calabria,1,2,1383,1.18e-08,273,7282,738,45,68,29
73,73_Calabria,1,2,1283,1.0200000000000002e-08,263,7400,763,54,65,28
74,74_Calabria,1,2,1296,1.36e-08,260,7380,780,48,51,18
75,75_Calabria,1,2,1287,1.08e-08,287,7343,826,44,44,23
76,76_Calabria,1,2,1351,1.5900000000000003e-08,296,7229,810,36,60,22
77,77_Calabria,1,2,1241,9.700000000000001e-09,268,7499,709,52,69,36
78,78_Calabria,1,2,1267,1.0100000000000001e-08,300,7230,898,74,65,34
79,79_Calabria,1,2,1235,1.38e-08,252,7322,861,54,66,36
80,80_Calabria,1,2,1255,1.03e-08,223,7395,848,47,56,30
81,81_South-Apulia,1,3,1454,1.8300000000000002e-08,196,7057,1014,27,46,19
82,82_South-Apulia,1,3,1347,1.9400000000000002e-08,197,7277,895,25,46,15
83,83_South-Apulia,1,3,1364,2.0400000000000004e-08,225,6929,1084,21,50,14
84,84_South-Apulia,1,3,1410,1.99e-08,216,7130,955,21,48,19
85,85_South-Apulia,1,3,1384,1.78e-08,208,7105,999,29,67,26
86,86_South-Apulia,1,3,1412,1.8500000000000004e-08,217,6842,1203,34,72,32
87,87_South-Apulia,1,3,1410,2.32e-08,280,6715,1233,32,60,24
88,88_South-Apulia,1,3,1509,2.09e-08,257,6647,1240,42,62,30
89,89_South-Apulia,1,3,1317,1.9699999999999998e-08,256,7036,1067,40,60,22
90,90_South-Apulia,1,3,1286,1.92e-08,203,7132,1053,38,65,28
91,91_South-Apulia,1,3,1273,1.91e-08,202,6862,1303,43,70,28
92,92_South-Apulia,1,3,1463,1.8300000000000002e-08,183,6747,1307,36,60,24
93,93_South-Apulia,1,3,1399,1.8700000000000002e-08,191,6861,1233,38,60,17
94,94_South-Apulia,1,3,1413,1.9299999999999997e-08,208,6875,1202,30,60,18
95,95_South-Apulia,1,3,1369,2.06e-08,203,6953,1168,35,50,16
96,96_South-Apulia,1,3,1488,1.7200000000000002e-08,170,6920,1144,37,54,14
97,97_South-Apulia,1,3,1323,1.6e-08,205,6911,1298,24,50,17
98,98_South-Apulia,1,3,1311,1.66e-08,170,6902,1312,41,69,28
99,99_South-Apulia,1,3,1286,1.6299999999999997e-08,183,7040,1230,29,57,12
100,100_South-Apulia,1,3,1380,1.73e-08,188,7038,1139,31,44,14
101,101_South-Apulia,1,3,1394,1.6399999999999998e-08,223,7086,1042,24,43,23
102,102_South-Apulia,1,3,1324,1.74e-08,198,6863,1289,36,70,21
103,103_South-Apulia,1,3,1290,1.57e-08,192,7000,1263,26,51,19
104,104_South-Apulia,1,3,1361,1.6299999999999997e-08,196,6888,1273,37,58,24
105,105_South-Apulia,1,3,1387,1.82e-08,242,6913,1101,44,68,30
106,106_South-Apulia,1,3,1369,1.8000000000000002e-08,181,7000,1130,39,45,24
107,107_South-Apulia,1,3,1303,1.6500000000000002e-08,175,7025,1243,31,41,16
108,108_South-Apulia,1,3,1346,1.6e-08,169,7072,1151,39,48,15
109,109_South-Apulia,1,3,1369,1.71e-08,184,6937,1246,30,48,15
110,110_South-Apulia,1,3,1305,1.7200000000000002e-08,169,7004,1260,28,50,11
111,111_South-Apulia,1,3,1351,1.7899999999999998e-08,186,6935,1243,36,50,19
112,112_South-Apulia,1,3,1283,1.5100000000000003e-08,182,7000,1271,40,52,21
113,113_South-Apulia,1,3,1449,1.75e-08,198,6883,1162,40,70,22
114,114_South-Apulia,1,3,1310,1.8000000000000002e-08,183,7054,1202,26,32,12
115,115_South-Apulia,1,3,1360,1.6299999999999997e-08,176,6901,1280,28,65,27
116,116_South-Apulia,1,3,1300,1.8700000000000002e-08,196,6920,1253,41,76,25
117,117_South-Apulia,1,3,1368,1.71e-08,218,7010,1057,41,54,26
118,118_South-Apulia,1,3,1207,1.5100000000000003e-08,156,7159,1234,27,51,14
119,119_South-Apulia,1,3,1348,1.5400000000000002e-08,183,6917,1277,48,56,16
120,120_South-Apulia,1,3,1334,1.86e-08,229,7261,827,34,56,20
121,121_South-Apulia,1,3,1301,1.5599999999999997e-08,207,7003,1229,41,48,14
122,122_South-Apulia,1,3,1226,1.81e-08,213,6961,1230,47,74,26
123,123_South-Apulia,1,3,1201,1.68e-08,190,7100,1216,43,64,16
124,124_South-Apulia,1,3,1297,1.5299999999999998e-08,177,7004,1260,35,60,16
125,125_South-Apulia,1,3,1248,1.6299999999999997e-08,158,7103,1222,31,60,14
126,126_South-Apulia,1,3,1335,1.5900000000000003e-08,197,6974,1220,36,60,17
127,127_South-Apulia,1,3,1219,1.6699999999999997e-08,171,7087,1254,35,50,16
128,128_South-Apulia,1,3,1318,1.7899999999999998e-08,177,7030,1194,35,42,25
129,129_South-Apulia,1,3,1264,1.6699999999999997e-08,166,7130,1187,22,52,12
130,130_South-Apulia,1,3,1201,1.75e-08,201,7129,1193,36,49,15
131,131_South-Apulia,1,3,1252,1.8000000000000002e-08,181,7055,1214,31,59,38
132,132_South-Apulia,1,3,1273,1.82e-08,209,6965,1191,43,74,23
133,133_South-Apulia,1,3,1351,1.7899999999999998e-08,170,7034,1154,35,66,10
134,134_South-Apulia,1,3,1336,1.55e-08,212,7103,1086,33,55,20
135,135_South-Apulia,1,3,1499,2.0099999999999995e-08,182,6803,1204,30,56,24
136,136_South-Apulia,1,3,1425,1.9799999999999995e-08,193,7032,1041,31,52,17
137,137_South-Apulia,1,3,1358,2.0400000000000004e-08,227,6962,1109,41,65,34
138,138_South-Apulia,1,3,1346,1.81e-08,257,7147,933,40,60,36
139,139_South-Apulia,1,3,1392,1.86e-08,256,6732,1278,53,64,29
140,140_South-Apulia,1,3,1311,1.66e-08,222,7006,1147,41,80,27
141,141_South-Apulia,1,3,1314,1.71e-08,229,6923,1198,47,76,42
142,142_South-Apulia,1,3,1409,2e-08,207,6842,1224,31,60,27
143,143_South-Apulia,1,3,1342,1.74e-08,221,6993,1147,36,64,23
144,144_South-Apulia,1,3,1387,1.82e-08,206,7100,1020,34,54,17
145,145_South-Apulia,1,3,1413,2.0200000000000002e-08,205,6920,1165,36,46,13
146,146_South-Apulia,1,3,1430,2.09e-08,225,6800,1200,32,59,27
147,147_South-Apulia,1,3,1336,1.8500000000000004e-08,223,6956,1155,56,73,16
148,148_South-Apulia,1,3,1372,2e-08,200,6916,1189,33,50,22
149,149_South-Apulia,1,3,1330,1.57e-08,228,7055,1108,42,55,25
150,150_South-Apulia,1,3,1412,2.07e-08,208,6822,1239,36,51,28
151,151_South-Apulia,1,3,1321,2.09e-08,217,6948,1178,42,62,23
152,152_South-Apulia,1,3,1401,2e-08,217,6980,1073,40,68,21
153,153_South-Apulia,1,3,1401,2.1400000000000003e-08,217,6734,1293,44,69,27
154,154_South-Apulia,1,3,1457,1.68e-08,242,6724,1266,54,59,30
155,155_South-Apulia,1,3,1451,1.99e-08,221,6835,1177,37,51,29
156,156_South-Apulia,1,3,1438,2.06e-08,248,6806,1183,34,57,28
157,157_South-Apulia,1,3,1462,2.0400000000000004e-08,237,6644,1309,42,54,28
158,158_South-Apulia,1,3,1529,2.1499999999999997e-08,203,6602,1310,45,69,27
159,159_South-Apulia,1,3,1510,1.89e-08,245,6752,1188,36,52,28
160,160_South-Apulia,1,3,1437,2.22e-08,184,6803,1240,43,56,16
161,161_South-Apulia,1,3,1327,1.29e-08,247,7024,1157,38,56,22
162,162_South-Apulia,1,3,1438,1.7200000000000002e-08,252,6630,1380,40,64,24
163,163_South-Apulia,1,3,1447,1.7600000000000002e-08,189,6849,1180,42,64,26
164,164_South-Apulia,1,3,1355,1.44e-08,214,6972,1198,33,60,24
165,165_South-Apulia,1,3,1369,1.5599999999999997e-08,241,6890,1209,42,63,30
166,166_South-Apulia,1,3,1471,1.8799999999999996e-08,276,6697,1269,34,51,16
167,167_South-Apulia,1,3,1456,1.7899999999999998e-08,240,6738,1267,41,65,14
168,168_South-Apulia,1,3,1314,1.4e-08,207,7020,1220,28,59,12
169,169_South-Apulia,1,3,1408,1.7600000000000002e-08,192,6909,1195,45,50,25
170,170_South-Apulia,1,3,1397,1.7200000000000002e-08,191,7107,1018,36,50,29
171,171_South-Apulia,1,3,1413,1.91e-08,186,6937,1180,31,46,13
172,172_South-Apulia,1,3,1539,1.9400000000000002e-08,213,6764,1178,38,58,16
173,173_South-Apulia,1,3,1304,1.5900000000000003e-08,234,7019,1174,38,53,19
174,174_South-Apulia,1,3,1341,1.6e-08,231,7033,1069,40,67,33
175,175_South-Apulia,1,3,1508,2.08e-08,249,6641,1311,25,43,20
176,176_South-Apulia,1,3,1515,2.26e-08,257,6595,1287,41,63,16
177,177_South-Apulia,1,3,1262,1.6500000000000002e-08,235,7120,1113,32,51,21
178,178_South-Apulia,1,3,1307,1.9699999999999998e-08,238,7003,1144,37,50,24
179,179_South-Apulia,1,3,1294,1.5900000000000003e-08,253,7009,1190,30,52,13
180,180_South-Apulia,1,3,1460,1.8700000000000002e-08,215,6843,1172,35,56,32
181,181_South-Apulia,1,3,1476,1.8700000000000002e-08,203,6837,1197,36,48,22
182,182_South-Apulia,1,3,1482,1.78e-08,197,6814,1201,40,64,24
183,183_South-Apulia,1,3,1388,1.7600000000000002e-08,185,7008,1111,48,53,31
184,184_South-Apulia,1,3,1367,1.7200000000000002e-08,235,7066,1054,35,45,26
185,185_South-Apulia,1,3,1272,2.07e-08,205,7152,1098,37,52,22
186,186_South-Apulia,1,3,1323,1.57e-08,234,7132,1022,38,58,31
187,187_South-Apulia,1,3,1206,2.18e-08,242,7193,1002,37,54,25
188,188_South-Apulia,1,3,1383,1.57e-08,217,7018,1090,40,60,37
189,189_South-Apulia,1,3,1521,1.8999999999999998e-08,238,6956,986,36,50,23
190,190_South-Apulia,1,3,1350,1.68e-08,227,6986,1165,29,58,17
191,191_South-Apulia,1,3,1422,1.81e-08,218,6813,1230,30,59,21
192,192_South-Apulia,1,3,1298,1.66e-08,224,6986,1162,34,65,31
193,193_South-Apulia,1,3,1447,2.36e-08,245,6607,1336,33,51,21
194,194_South-Apulia,1,3,1347,1.9699999999999998e-08,211,6795,1300,32,59,34
195,195_South-Apulia,1,3,1339,1.7e-08,253,6989,1110,29,63,23
196,196_South-Apulia,1,3,1388,1.8300000000000002e-08,216,6867,1208,28,61,21
197,197_South-Apulia,1,3,1527,2.6000000000000005e-08,232,6488,1370,31,45,20
198,198_South-Apulia,1,3,1495,2.37e-08,236,6571,1318,32,58,26
199,199_South-Apulia,1,3,1487,2.4600000000000002e-08,251,6504,1390,29,53,19
200,200_South-Apulia,1,3,1399,1.8000000000000002e-08,232,6855,1190,32,66,22
201,201_South-Apulia,1,3,1489,2.1499999999999997e-08,242,6777,1145,30,60,22
202,202_South-Apulia,1,3,1339,1.66e-08,226,6928,1198,30,60,23
203,203_South-Apulia,1,3,1482,2.4600000000000002e-08,238,6444,1462,27,50,20
204,204_South-Apulia,1,3,1434,1.7200000000000002e-08,255,6646,1354,27,59,25
205,205_South-Apulia,1,3,1347,1.5599999999999997e-08,214,6850,1313,25,48,19
206,206_South-Apulia,1,3,1340,1.5800000000000003e-08,233,6848,1272,32,63,25
207,207_South-Apulia,1,3,1453,1.8000000000000002e-08,244,6752,1238,34,54,23
208,208_South-Apulia,1,3,1306,1.49e-08,226,7082,1097,33,61,24
209,209_South-Apulia,1,3,1349,1.6100000000000002e-08,217,6997,1138,31,62,23
210,210_South-Apulia,1,3,1254,1.5100000000000003e-08,205,7319,947,28,54,23
211,211_South-Apulia,1,3,1168,1.44e-08,220,7230,1109,31,52,28
212,212_South-Apulia,1,3,1346,1.6699999999999997e-08,224,6959,1111,30,49,23
213,213_South-Apulia,1,3,1390,1.84e-08,212,6898,1189,29,44,19
214,214_South-Apulia,1,3,1283,1.49e-08,224,7077,1104,30,57,32
215,215_South-Apulia,1,3,1214,1.37e-08,232,7269,1005,32,55,23
216,216_South-Apulia,1,3,1491,2.27e-08,205,6941,988,33,68,34
217,217_South-Apulia,1,3,1479,2.18e-08,207,7039,887,36,65,36
218,218_South-Apulia,1,3,1445,1.74e-08,228,6875,1123,29,69,31
219,219_South-Apulia,1,3,1439,1.8300000000000002e-08,218,6775,1226,32,66,29
220,220_South-Apulia,1,3,1387,1.5400000000000002e-08,204,6991,1090,34,74,32
221,221_South-Apulia,1,3,1426,1.69e-08,192,7025,1043,31,64,27
222,222_South-Apulia,1,3,1451,2e-08,208,6980,1006,30,62,31
223,223_South-Apulia,1,3,1493,2.0400000000000004e-08,188,6913,1044,32,61,35
224,224_South-Apulia,1,3,1419,1.92e-08,207,6996,1014,36,70,36
225,225_South-Apulia,1,3,1342,1.77e-08,199,7172,952,34,65,33
226,226_South-Apulia,1,3,1349,1.52e-08,236,7145,949,35,75,29
227,227_South-Apulia,1,3,1440,1.96e-08,208,6938,1070,32,61,26
228,228_South-Apulia,1,3,1460,2.1499999999999997e-08,197,6918,1081,28,55,23
229,229_South-Apulia,1,3,1249,1.33e-08,205,7417,827,33,72,33
230,230_South-Apulia,1,3,1348,1.5900000000000003e-08,238,7017,1081,31,67,25
231,231_South-Apulia,1,3,1341,1.55e-08,244,6958,1144,32,68,26
232,232_South-Apulia,1,3,1398,1.49e-08,204,7182,907,29,76,30
233,233_South-Apulia,1,3,1454,2e-08,199,6910,1090,30,62,25
234,234_South-Apulia,1,3,1334,1.5299999999999998e-08,219,6928,1214,33,66,24
235,235_South-Apulia,1,3,1438,2.0400000000000004e-08,189,7107,910,33,63,27
236,236_South-Apulia,1,3,1303,1.38e-08,212,7170,1016,34,69,25
237,237_South-Apulia,1,3,1323,1.47e-08,210,7108,1070,33,61,20
238,238_South-Apulia,1,3,1417,1.69e-08,207,6875,1184,34,57,27
239,239_South-Apulia,1,3,1360,1.6699999999999997e-08,225,6883,1220,31,55,27
240,240_South-Apulia,1,3,1420,1.7899999999999998e-08,214,6923,1121,33,56,27
241,241_South-Apulia,1,3,1472,2.18e-08,214,6724,1238,29,53,23
242,242_South-Apulia,1,3,1368,1.74e-08,205,7042,1066,31,57,26
243,243_South-Apulia,1,3,1367,1.73e-08,228,6948,1141,32,53,24
244,244_South-Apulia,1,3,1403,1.73e-08,209,6843,1210,33,63,33
245,245_South-Apulia,1,3,1413,1.9699999999999998e-08,206,6737,1387,34,60,31
246,246_South-Apulia,1,3,1201,1.38e-08,207,7011,1269,37,64,35
247,247_South-Apulia,1,3,1359,1.8000000000000002e-08,207,6895,1203,33,61,30
248,248_South-Apulia,1,3,1518,1.9799999999999995e-08,225,6681,1243,29,57,24
249,249_South-Apulia,1,3,1434,1.8500000000000004e-08,189,6771,1269,30,62,25
250,250_South-Apulia,1,3,1367,1.6200000000000003e-08,179,6772,1368,33,64,27
251,251_South-Apulia,1,3,1461,1.81e-08,197,6783,1246,26,57,23
252,252_South-Apulia,1,3,1368,1.6100000000000002e-08,198,7030,1095,33,59,31
253,253_South-Apulia,1,3,1419,1.5900000000000003e-08,215,6862,1193,35,60,31
254,254_South-Apulia,1,3,1514,1.6200000000000003e-08,298,6725,1119,45,93,30
255,255_South-Apulia,1,3,1328,1.71e-08,253,6987,1030,38,83,39
256,256_South-Apulia,1,3,1469,1.6e-08,337,6675,1127,44,94,36
257,257_Sicily,1,4,1222,1.33e-08,227,7425,824,36,69,35
258,258_Sicily,1,4,1639,1.7200000000000002e-08,331,6510,1124,46,91,32
259,259_Sicily,1,4,1345,1.33e-08,272,6801,1194,48,83,37
260,260_Sicily,1,4,1339,1.7e-08,275,6838,1060,46,88,43
261,261_Sicily,1,4,1194,1.3500000000000002e-08,263,7277,889,44,95,41
262,262_Sicily,1,4,1112,6.8e-09,375,7770,448,52,69,45
263,263_Sicily,1,4,1222,7e-09,329,7605,566,48,67,43
264,264_Sicily,1,4,1136,7.2e-09,341,7616,661,49,65,32
265,265_Sicily,1,4,926,4.0999999999999995e-09,277,7815,784,45,65,25
266,266_Sicily,1,4,1105,6.9e-09,373,7714,532,51,68,37
267,267_Sicily,1,4,1109,7.900000000000001e-09,305,7576,763,45,64,36
268,268_Sicily,1,4,1284,9.3e-09,265,7235,893,43,77,46
269,269_Sicily,1,4,1120,6.9e-09,277,7416,946,42,59,36
270,270_Sicily,1,4,916,5.2e-09,281,7870,694,42,64,58
271,271_Sicily,1,4,905,4.9e-09,288,7747,812,49,71,56
272,272_Sicily,1,4,1206,5.500000000000001e-09,287,7329,935,44,74,42
273,273_Sicily,1,4,1457,1.82e-08,267,7020,863,41,84,37
274,274_Sicily,1,4,1327,1.4e-08,193,7328,823,36,87,35
275,275_Sicily,1,4,1303,1e-08,251,7045,1049,40,86,40
276,276_Sicily,1,4,1444,1.75e-08,259,6876,1027,34,78,32
277,277_Sicily,1,4,1505,2.4300000000000006e-08,226,6962,858,30,72,27
278,278_Sicily,1,4,1429,1.6200000000000003e-08,223,6917,1041,37,77,40
279,279_Sicily,1,4,1491,1.6200000000000003e-08,211,6994,928,37,97,38
280,280_Sicily,1,4,1393,1.28e-08,211,7189,870,38,93,40
281,281_Sicily,1,4,1404,1.3400000000000001e-08,210,7110,923,40,101,43
282,282_Sicily,1,4,1222,1.3000000000000002e-08,214,7374,856,38,89,45
283,283_Sicily,1,4,1153,7.400000000000001e-09,316,7593,705,42,64,32
284,284_Sicily,1,4,1169,7.6e-09,307,7553,728,43,69,32
285,285_Sicily,1,4,1369,1.04e-08,237,7375,775,39,70,15
286,286_Sicily,1,4,993,5.8e-09,267,7743,773,41,62,44
287,287_Sicily,1,4,980,5.3e-09,254,7719,815,44,69,47
288,288_Sicily,1,4,967,5.500000000000001e-09,273,7692,833,45,63,47
289,289_Sicily,1,4,1128,7.3e-09,354,7527,728,44,76,38
290,290_Sicily,1,4,1188,8.5e-09,273,7445,814,44,73,42
291,291_Sicily,1,4,1257,9.499999999999999e-09,247,7405,812,43,70,35
292,292_Sicily,1,4,1262,8.800000000000001e-09,301,7471,704,43,71,31
293,293_South-Apulia,1,3,1283,1.5299999999999998e-08,196,7107,1115,37,60,28
294,294_South-Apulia,1,3,1263,1.55e-08,199,7140,1148,31,42,18
295,295_South-Apulia,1,3,1369,1.5800000000000003e-08,215,7160,958,38,69,32
296,296_South-Apulia,1,3,1353,1.7200000000000002e-08,175,6965,1212,28,75,19
297,297_South-Apulia,1,3,1187,1.3899999999999999e-08,185,7427,952,29,56,22
298,298_South-Apulia,1,3,1732,2.31e-08,156,6437,1313,45,62,23
299,299_South-Apulia,1,3,1620,2.5499999999999997e-08,166,6628,1212,29,62,27
300,300_South-Apulia,1,3,1543,1.7200000000000002e-08,193,6740,1157,52,87,34
301,301_South-Apulia,1,3,1498,1.7e-08,195,6804,1206,35,66,23
302,302_South-Apulia,1,3,1399,1.69e-08,171,7011,1100,36,72,16
303,303_South-Apulia,1,3,1293,1.5599999999999997e-08,191,7101,1111,32,60,31
304,304_South-Apulia,1,3,1420,1.75e-08,152,7004,1149,27,50,20
305,305_South-Apulia,1,3,1721,2.3799999999999998e-08,255,6300,1350,35,70,28
306,306_South-Apulia,1,3,1742,2.2099999999999996e-08,156,6415,1315,43,82,23
307,307_South-Apulia,1,3,1391,1.8700000000000002e-08,189,6975,1062,52,70,45
308,308_South-Apulia,1,3,1517,2.06e-08,249,6680,1205,33,80,27
309,309_South-Apulia,1,3,1269,1.57e-08,193,7140,1148,31,40,18
310,310_South-Apulia,1,3,1577,2.0400000000000004e-08,208,6732,1183,20,52,20
311,311_South-Apulia,1,3,1590,2.41e-08,195,6705,1149,27,68,21
312,312_South-Apulia,1,3,1621,2.8e-08,197,6608,1179,28,58,27
313,313_South-Apulia,1,3,1753,2.7500000000000005e-08,236,6367,1214,23,61,27
314,314_South-Apulia,1,3,1679,2.6000000000000005e-08,177,6568,1191,30,59,33
315,315_South-Apulia,1,3,1419,2.0299999999999996e-08,176,6973,1083,38,78,27
316,316_South-Apulia,1,3,1693,2.36e-08,174,6499,1204,51,102,37
317,317_South-Apulia,1,3,1692,2.7000000000000004e-08,234,6499,1196,31,59,15
318,318_South-Apulia,1,3,1638,2.52e-08,215,6570,1199,39,53,29
319,319_South-Apulia,1,3,1497,2.4700000000000006e-08,219,6621,1270,36,73,32
320,320_South-Apulia,1,3,1442,2.22e-08,194,6677,1314,36,72,38
321,321_South-Apulia,1,3,1680,2.7000000000000004e-08,170,6440,1310,31,62,28
322,322_South-Apulia,1,3,1463,1.6399999999999998e-08,185,6909,1154,49,58,17
323,323_Inland-Sardinia,2,5,1129,1.2e-08,222,7272,1112,43,98,2
324,324_Inland-Sardinia,2,5,1042,1.3500000000000002e-08,210,7376,1116,35,90,3
325,325_Inland-Sardinia,2,5,1103,9.6e-09,210,7380,1085,32,94,3
326,326_Inland-Sardinia,2,5,1118,9.700000000000001e-09,221,7279,1154,35,94,2
327,327_Inland-Sardinia,2,5,1052,9.499999999999999e-09,215,7388,1126,31,92,1
328,328_Inland-Sardinia,2,5,1116,1.0200000000000002e-08,231,7290,1168,26,66,1
329,329_Inland-Sardinia,2,5,1108,1.32e-08,231,7319,1101,20,66,2
330,330_Inland-Sardinia,2,5,1129,1.08e-08,212,7386,1074,28,62,3
331,331_Inland-Sardinia,2,5,1085,9.1e-09,223,7384,1126,28,62,3
332,332_Inland-Sardinia,2,5,1104,1.03e-08,233,7322,1147,27,61,2
333,333_Inland-Sardinia,2,5,1098,8.800000000000001e-09,212,7338,1140,28,67,1
334,334_Coast-Sardinia,2,6,1135,9.8e-09,251,7120,1314,20,61,2
335,335_Coast-Sardinia,2,6,1158,1.08e-08,245,7065,1326,22,75,1
336,336_Coast-Sardinia,2,6,1133,1.1000000000000003e-08,241,7080,1342,21,68,3
337,337_Coast-Sardinia,2,6,1095,1.2500000000000001e-08,250,7120,1305,21,83,1
338,338_Coast-Sardinia,2,6,1201,8.7e-09,238,6990,1383,25,75,3
339,339_Coast-Sardinia,2,6,1213,1.1200000000000001e-08,245,7007,1335,22,65,3
340,340_Inland-Sardinia,2,5,1108,9.2e-09,231,7367,1110,29,62,3
341,341_Inland-Sardinia,2,5,1075,1.03e-08,207,7413,1096,32,68,2
342,342_Inland-Sardinia,2,5,1059,9.6e-09,228,7386,1128,25,72,2
343,343_Inland-Sardinia,2,5,1176,9.2e-09,207,7347,1057,35,82,1
344,344_Inland-Sardinia,2,5,1159,9.8e-09,213,7320,1108,38,64,1
345,345_Inland-Sardinia,2,5,1132,8e-09,201,7398,1095,27,67,2
346,346_Inland-Sardinia,2,5,1107,7.5e-09,220,7399,1096,29,90,1
347,347_Inland-Sardinia,2,5,1092,1.04e-08,234,7355,1126,28,58,2
348,348_Inland-Sardinia,2,5,1119,8.100000000000001e-09,219,7409,1057,33,81,2
349,349_Inland-Sardinia,2,5,1106,9.3e-09,212,7381,1104,35,68,1
350,350_Inland-Sardinia,2,5,1047,1.0100000000000001e-08,238,7385,1120,28,89,1
351,351_Inland-Sardinia,2,5,1165,9.899999999999998e-09,214,7331,1101,22,67,3
352,352_Inland-Sardinia,2,5,1158,8.4e-09,201,7327,1123,29,77,2
353,353_Inland-Sardinia,2,5,1095,8.800000000000001e-09,203,7415,1093,37,78,1
354,354_Inland-Sardinia,2,5,1176,7.5e-09,205,7396,1107,33,74,2
355,355_Inland-Sardinia,2,5,1103,1.09e-08,220,7335,1140,28,59,2
356,356_Inland-Sardinia,2,5,1112,9.2e-09,209,7356,1125,32,73,2
357,357_Inland-Sardinia,2,5,1091,9.3e-09,222,7377,1113,20,53,2
358,358_Inland-Sardinia,2,5,1080,9.8e-09,219,7371,1125,33,78,1
359,359_Inland-Sardinia,2,5,1051,1.08e-08,227,7403,1114,30,66,3
360,360_Inland-Sardinia,2,5,1096,8.4e-09,211,7415,1091,30,71,2
361,361_Inland-Sardinia,2,5,1142,9.700000000000001e-09,225,7341,1101,28,65,1
362,362_Inland-Sardinia,2,5,1047,9.6e-09,236,7399,1107,32,80,3
363,363_Inland-Sardinia,2,5,1114,8.600000000000001e-09,210,7359,1116,31,83,2
364,364_Inland-Sardinia,2,5,1140,9.3e-09,241,7324,1098,23,74,1
365,365_Inland-Sardinia,2,5,1075,9.1e-09,200,7410,1107,36,80,1
366,366_Inland-Sardinia,2,5,1092,1.06e-08,219,7427,1125,33,77,1
367,367_Inland-Sardinia,2,5,1076,9.499999999999999e-09,204,7408,1130,27,79,2
368,368_Inland-Sardinia,2,5,1178,8.9e-09,201,7381,1099,34,87,2
369,369_Inland-Sardinia,2,5,1095,1.04e-08,223,7367,1111,43,56,2
370,370_Coast-Sardinia,2,6,1166,9.700000000000001e-09,272,6971,1390,20,83,3
371,371_Coast-Sardinia,2,6,1154,1.1899999999999999e-08,257,7130,1253,22,61,1
372,372_Coast-Sardinia,2,6,1177,1.11e-08,241,6882,1470,22,95,2
373,373_Coast-Sardinia,2,6,1160,9.6e-09,240,7043,1357,24,79,2
374,374_Coast-Sardinia,2,6,1122,1.04e-08,241,7145,1313,15,58,1
375,375_Coast-Sardinia,2,6,1132,9.899999999999998e-09,257,7065,1362,24,90,3
376,376_Coast-Sardinia,2,6,1096,1e-08,260,7162,1282,25,74,2
377,377_Coast-Sardinia,2,6,1131,8.7e-09,233,7144,1307,25,72,3
378,378_Coast-Sardinia,2,6,1184,1.0500000000000001e-08,258,7020,1340,26,66,2
379,379_Coast-Sardinia,2,6,1135,9.399999999999998e-09,235,7123,1320,24,67,2
380,380_Coast-Sardinia,2,6,1084,9.6e-09,240,7164,1330,28,57,1
381,381_Coast-Sardinia,2,6,1086,1.27e-08,252,7159,1285,28,62,2
382,382_Coast-Sardinia,2,6,1140,9.499999999999999e-09,258,7085,1347,23,71,3
383,383_Coast-Sardinia,2,6,1138,1.0100000000000001e-08,254,7103,1310,25,68,1
384,384_Coast-Sardinia,2,6,1159,1.1000000000000003e-08,261,7068,1297,27,77,2
385,385_Inland-Sardinia,2,5,1051,7.799999999999999e-09,211,7421,1146,30,82,2
386,386_Inland-Sardinia,2,5,1048,7.900000000000001e-09,213,7439,1130,28,61,2
387,387_Inland-Sardinia,2,5,1061,8.600000000000001e-09,220,7421,1102,29,79,3
388,388_Inland-Sardinia,2,5,1105,8.800000000000001e-09,210,7353,1142,28,72,1
389,389_Inland-Sardinia,2,5,1145,3.5e-09,237,7208,1118,20,46,2
390,390_Inland-Sardinia,2,5,1049,9.6e-09,219,7303,1168,22,47,2
391,391_Inland-Sardinia,2,5,1105,1.2e-08,218,7302,1158,23,45,3
392,392_Inland-Sardinia,2,5,1030,8.4e-09,214,7403,1177,21,70,1
393,393_Inland-Sardinia,2,5,1070,9.8e-09,215,7280,1240,28,68,3
394,394_Inland-Sardinia,2,5,1103,8.100000000000001e-09,208,7310,1177,30,90,3
395,395_Inland-Sardinia,2,5,1040,1.0100000000000001e-08,205,7368,1176,25,85,3
396,396_Inland-Sardinia,2,5,1100,9.499999999999999e-09,210,7320,1113,22,72,3
397,397_Inland-Sardinia,2,5,1118,8.5e-09,199,7415,1060,36,86,3
398,398_Inland-Sardinia,2,5,1065,9.8e-09,230,7345,1163,24,74,1
399,399_Inland-Sardinia,2,5,1131,7.799999999999999e-09,221,7358,1120,22,69,2
400,400_Inland-Sardinia,2,5,1080,1.2e-08,218,7296,1145,35,105,2
401,401_Inland-Sardinia,2,5,1075,8.600000000000001e-09,231,7403,1109,22,73,3
402,402_Inland-Sardinia,2,5,1040,1.03e-08,228,7364,1173,25,66,2
403,403_Inland-Sardinia,2,5,1128,8.199999999999999e-09,203,7320,1148,30,88,1
404,404_Inland-Sardinia,2,5,1060,1.11e-08,231,7363,1149,20,65,1
405,405_Inland-Sardinia,2,5,1103,7.799999999999999e-09,220,7365,1149,20,65,2
406,406_Inland-Sardinia,2,5,1110,9.1e-09,201,7318,1185,24,74,2
407,407_Inland-Sardinia,2,5,1091,1.08e-08,218,7383,1183,28,88,3
408,408_Inland-Sardinia,2,5,1094,9.6e-09,220,7341,1127,26,96,2
409,409_Coast-Sardinia,2,6,1131,8.7e-09,208,7170,1308,28,57,2
410,410_Coast-Sardinia,2,6,1175,1.08e-08,214,7076,1307,33,85,2
411,411_Coast-Sardinia,2,6,1076,7.700000000000001e-09,202,7243,1305,29,67,1
412,412_Coast-Sardinia,2,6,1120,9.000000000000001e-09,240,7068,1383,23,75,1
413,413_Coast-Sardinia,2,6,1152,1.11e-08,238,7080,1372,25,81,2
414,414_Coast-Sardinia,2,6,1141,9.499999999999999e-09,250,7035,1388,22,68,2
415,415_Coast-Sardinia,2,6,1098,1.03e-08,267,7135,1301,24,76,2
416,416_Coast-Sardinia,2,6,1126,1e-08,236,7062,1380,26,69,1
417,417_Coast-Sardinia,2,6,1087,8.9e-09,243,7200,1302,18,60,1
418,418_Coast-Sardinia,2,6,1115,9.6e-09,236,7085,1372,20,75,2
419,419_Coast-Sardinia,2,6,1178,9.2e-09,241,7006,1376,22,84,1
420,420_Coast-Sardinia,2,6,1162,1.06e-08,242,7025,1368,25,71,2
421,421_Umbria,3,9,1085,7e-09,180,7955,605,20,50,1
422,422_Umbria,3,9,1085,7e-09,185,7955,600,25,55,1
423,423_Umbria,3,9,1090,6e-09,190,7950,600,28,47,2
424,424_Umbria,3,9,1080,6.500000000000001e-09,189,7960,602,35,20,1
425,425_Umbria,3,9,1090,6e-09,195,7955,600,28,42,2
426,426_Umbria,3,9,1105,5.500000000000001e-09,200,7900,600,37,55,2
427,427_Umbria,3,9,1060,7.5e-09,175,7975,610,20,55,2
428,428_Umbria,3,9,1050,7e-09,170,7977,605,28,65,1
429,429_Umbria,3,9,1100,5.500000000000001e-09,198,7905,600,35,50,3
430,430_Umbria,3,9,1065,6.500000000000001e-09,178,7965,605,22,65,2
431,431_Umbria,3,9,1085,6e-09,188,7955,602,30,50,2
432,432_Umbria,3,9,1080,6.500000000000001e-09,180,7960,605,25,55,1
433,433_Umbria,3,9,1085,6e-09,190,7955,602,30,53,1
434,434_Umbria,3,9,1075,6.8e-09,195,7960,602,20,40,3
435,435_Umbria,3,9,1090,5.8e-09,192,7950,600,35,40,3
436,436_Umbria,3,9,1095,6e-09,198,7945,600,38,34,2
437,437_Umbria,3,9,1090,5.8e-09,195,7950,600,30,42,2
438,438_Umbria,3,9,1095,5.8e-09,198,7950,602,35,32,1
439,439_Umbria,3,9,1090,5.8e-09,195,7940,600,35,42,2
440,440_Umbria,3,9,1095,5.8e-09,198,7945,600,35,34,1
441,441_Umbria,3,9,1095,5.500000000000001e-09,200,7940,600,35,45,3
442,442_Umbria,3,9,1080,7e-09,188,7965,608,28,36,3
443,443_Umbria,3,9,1090,6e-09,195,7950,600,32,38,2
444,444_Umbria,3,9,1105,5.500000000000001e-09,200,7900,595,39,56,1
445,445_Umbria,3,9,1110,5e-09,205,7900,595,40,52,1
446,446_Umbria,3,9,1075,7e-09,198,7978,608,28,33,2
447,447_Umbria,3,9,1075,6.500000000000001e-09,185,7980,608,35,42,3
448,448_Umbria,3,9,1065,7.5e-09,180,7975,610,25,50,3
449,449_Umbria,3,9,1070,7.5e-09,188,7980,602,22,45,2
450,450_Umbria,3,9,1070,7.5e-09,188,7980,602,22,45,1
451,451_Umbria,3,9,1100,7e-09,200,7910,610,39,44,1
452,452_Umbria,3,9,1075,7e-09,185,7960,610,22,58,2
453,453_Umbria,3,9,1050,7.799999999999999e-09,175,7990,610,18,59,3
454,454_Umbria,3,9,1090,6e-09,198,7945,600,32,35,2
455,455_Umbria,3,9,1050,7.799999999999999e-09,188,7990,608,28,23,3
456,456_Umbria,3,9,1075,7e-09,190,7975,605,28,27,3
457,457_Umbria,3,9,1098,5.4e-09,202,7945,595,42,32,2
458,458_Umbria,3,9,1105,1.5e-09,198,8005,575,52,20,2
459,459_Umbria,3,9,1110,7.5e-09,220,7915,510,55,65,2
460,460_Umbria,3,9,1058,5e-09,178,7988,626,40,55,3
461,461_Umbria,3,9,1115,3e-09,225,7955,600,55,15,2
462,462_Umbria,3,9,1105,3e-09,198,7995,570,52,20,3
463,463_Umbria,3,9,1072,4.9e-09,178,7980,615,48,48,2
464,464_Umbria,3,9,1110,1.5e-09,210,7990,570,50,20,2
465,465_Umbria,3,9,1110,8e-09,215,7910,525,50,60,1
466,466_Umbria,3,9,1055,6e-09,175,7985,620,45,50,1
467,467_Umbria,3,9,1100,8e-09,215,7930,535,45,60,2
468,468_Umbria,3,9,1105,5.500000000000001e-09,205,7965,600,25,20,2
469,469_Umbria,3,9,1095,5e-09,210,7948,600,25,35,2
470,470_Umbria,3,9,1110,5e-09,220,7950,600,52,10,2
471,471_Umbria,3,9,1092,3.7000000000000005e-09,210,7955,600,40,40,3
472,472_East-Liguria,3,7,1290,6e-09,260,7550,670,70,100,2
473,473_East-Liguria,3,7,1170,8e-09,230,7690,720,40,70,1
474,474_East-Liguria,3,7,1100,9.000000000000001e-09,250,7680,760,30,80,2
475,475_East-Liguria,3,7,1120,7e-09,240,7720,730,40,80,2
476,476_East-Liguria,3,7,1160,7e-09,250,7650,750,30,90,1
477,477_East-Liguria,3,7,1200,5e-09,210,7770,690,20,50,3
478,478_East-Liguria,3,7,1140,5e-09,200,7990,580,10,20,1
479,479_East-Liguria,3,7,1220,8e-09,240,7610,760,30,60,2
480,480_East-Liguria,3,7,1180,9.000000000000001e-09,250,7520,800,50,100,2
481,481_East-Liguria,3,7,1210,7e-09,250,7560,780,40,90,2
482,482_East-Liguria,3,7,1220,8e-09,220,7540,770,60,100,2
483,483_East-Liguria,3,7,1180,1e-08,190,7520,820,50,100,1
484,484_East-Liguria,3,7,1160,9.000000000000001e-09,220,7580,790,40,90,1
485,485_East-Liguria,3,7,1130,1e-08,240,7620,780,30,90,1
486,486_East-Liguria,3,7,1080,1e-08,260,7710,750,20,70,2
487,487_East-Liguria,3,7,1090,9.000000000000001e-09,280,7730,720,50,100,1
488,488_East-Liguria,3,7,1020,1e-08,270,7770,710,40,90,1
489,489_East-Liguria,3,7,1090,9.000000000000001e-09,250,7680,760,60,80,1
490,490_East-Liguria,3,7,1120,1e-08,260,7720,680,30,80,2
491,491_East-Liguria,3,7,1080,8e-09,240,7830,670,30,70,2
492,492_East-Liguria,3,7,1160,7e-09,230,7860,640,10,20,1
493,493_East-Liguria,3,7,1100,8e-09,240,7820,670,20,70,2
494,494_East-Liguria,3,7,1050,1e-08,250,7930,630,10,30,3
495,495_East-Liguria,3,7,1090,9.000000000000001e-09,270,7780,690,30,50,3
496,496_East-Liguria,3,7,1120,8e-09,260,7750,680,30,80,3
497,497_East-Liguria,3,7,1120,1e-08,250,7680,730,40,70,2
498,498_East-Liguria,3,7,1190,9.000000000000001e-09,230,7670,710,30,80,2
499,499_East-Liguria,3,7,1170,1.1000000000000003e-08,250,7620,740,20,90,1
500,500_East-Liguria,3,7,1120,1e-08,230,7720,730,20,70,1
501,501_East-Liguria,3,7,1190,8e-09,270,7690,720,10,40,2
502,502_East-Liguria,3,7,1400,9.000000000000001e-09,270,7420,800,0,20,2
503,503_East-Liguria,3,7,1350,8e-09,250,7520,760,10,30,1
504,504_East-Liguria,3,7,1090,6e-09,220,7890,670,10,60,2
505,505_East-Liguria,3,7,1150,9.000000000000001e-09,230,7790,650,30,60,1
506,506_East-Liguria,3,7,1240,9.000000000000001e-09,220,7820,590,10,30,1
507,507_East-Liguria,3,7,1220,1e-08,240,7890,530,0,10,2
508,508_East-Liguria,3,7,1180,8e-09,250,7870,580,10,30,2
509,509_East-Liguria,3,7,1170,1.1000000000000003e-08,240,7730,630,30,90,1
510,510_East-Liguria,3,7,1170,1e-08,280,7710,640,20,70,3
511,511_East-Liguria,3,7,1180,8e-09,220,7790,680,10,40,1
512,512_East-Liguria,3,7,1200,9.000000000000001e-09,240,7820,590,10,50,2
513,513_East-Liguria,3,7,1140,9.000000000000001e-09,240,7880,570,20,60,3
514,514_East-Liguria,3,7,1160,7e-09,210,7870,580,30,80,3
515,515_East-Liguria,3,7,1130,8e-09,250,7780,650,40,60,3
516,516_East-Liguria,3,7,1150,8e-09,240,7800,630,30,70,2
517,517_East-Liguria,3,7,1110,7e-09,240,7820,670,20,70,3
518,518_East-Liguria,3,7,1150,7e-09,220,7850,620,20,40,2
519,519_East-Liguria,3,7,1180,8e-09,240,7760,670,20,50,2
520,520_East-Liguria,3,7,1020,8e-09,250,7920,680,10,30,3
521,521_East-Liguria,3,7,610,8e-09,230,8410,650,0,20,3
522,522_West-Liguria,3,8,1190,1.5e-08,290,7340,1020,0,10,2
523,523_West-Liguria,3,8,1110,1.3000000000000002e-08,210,7550,1000,0,0,1
524,524_West-Liguria,3,8,1020,1e-08,220,7530,1030,0,0,3
525,525_West-Liguria,3,8,1070,1.2e-08,210,7600,990,0,10,3
526,526_West-Liguria,3,8,1010,9.000000000000001e-09,350,7480,1050,10,10,1
527,527_West-Liguria,3,8,1060,1.4e-08,240,7680,830,10,40,2
528,528_West-Liguria,3,8,1060,1.4e-08,270,7620,880,10,20,1
529,529_West-Liguria,3,8,1030,1e-08,230,7740,900,0,0,2
530,530_West-Liguria,3,8,1120,1.3000000000000002e-08,250,7530,970,0,0,3
531,531_West-Liguria,3,8,1030,1.1000000000000003e-08,220,7760,980,0,0,2
532,532_West-Liguria,3,8,1070,1e-08,230,7600,990,10,0,1
533,533_West-Liguria,3,8,1140,1.8000000000000002e-08,220,7610,850,10,10,2
534,534_West-Liguria,3,8,1090,1.8000000000000002e-08,230,7590,860,10,40,2
535,535_West-Liguria,3,8,980,1.1000000000000003e-08,300,7720,910,10,0,3
536,536_West-Liguria,3,8,980,9.000000000000001e-09,330,7540,1040,0,0,2
537,537_West-Liguria,3,8,960,9.000000000000001e-09,200,7810,940,0,0,2
538,538_West-Liguria,3,8,990,9.000000000000001e-09,210,7780,930,0,0,2
539,539_West-Liguria,3,8,1060,1.2e-08,210,7600,1010,0,0,1
540,540_West-Liguria,3,8,1240,1.5e-08,250,7610,730,10,10,1
541,541_West-Liguria,3,8,1060,9.000000000000001e-09,310,7850,690,0,0,2
542,542_West-Liguria,3,8,1020,1e-08,290,7620,960,0,10,2
543,543_West-Liguria,3,8,970,9.000000000000001e-09,220,7700,1020,0,0,3
544,544_West-Liguria,3,8,1180,1.3000000000000002e-08,220,7450,1010,0,10,2
545,545_West-Liguria,3,8,1060,1.4e-08,240,7690,850,10,10,1
546,546_West-Liguria,3,8,990,1e-08,250,7630,1030,0,0,3
547,547_West-Liguria,3,8,1010,9.000000000000001e-09,350,7630,940,10,0,3
548,548_West-Liguria,3,8,1040,9.000000000000001e-09,250,7780,820,10,10,1
549,549_West-Liguria,3,8,1040,9.000000000000001e-09,250,7810,810,10,10,2
550,550_West-Liguria,3,8,1020,9.000000000000001e-09,350,7620,920,10,0,3
551,551_West-Liguria,3,8,1020,9.000000000000001e-09,260,7620,1010,0,0,3
552,552_West-Liguria,3,8,1010,9.000000000000001e-09,350,7610,930,10,0,3
553,553_West-Liguria,3,8,920,1.1000000000000003e-08,340,7720,910,0,0,3
554,554_West-Liguria,3,8,1030,1e-08,250,7710,900,0,10,2
555,555_West-Liguria,3,8,960,9.000000000000001e-09,300,7820,830,0,0,3
556,556_West-Liguria,3,8,1030,1.1000000000000003e-08,210,7810,840,0,0,1
557,557_West-Liguria,3,8,1010,1e-08,240,7710,910,10,20,2
558,558_West-Liguria,3,8,1020,9.000000000000001e-09,240,7800,850,0,0,2
559,559_West-Liguria,3,8,1120,9.000000000000001e-09,300,7650,830,0,10,1
560,560_West-Liguria,3,8,1090,9.000000000000001e-09,290,7710,800,10,0,2
561,561_West-Liguria,3,8,1100,1.2e-08,280,7630,770,10,10,2
562,562_West-Liguria,3,8,1090,8e-09,240,7820,760,10,0,2
563,563_West-Liguria,3,8,1150,9.000000000000001e-09,250,7720,810,0,10,3
564,564_West-Liguria,3,8,1110,9.000000000000001e-09,230,7810,750,0,10,2
565,565_West-Liguria,3,8,1010,1.1000000000000003e-08,210,7720,950,0,0,1
566,566_West-Liguria,3,8,1070,1e-08,220,7730,870,10,10,2
567,567_West-Liguria,3,8,1280,1.1000000000000003e-08,290,7490,790,10,10,2
568,568_West-Liguria,3,8,1060,1e-08,270,7740,810,10,10,3
569,569_West-Liguria,3,8,1010,9.000000000000001e-09,210,7720,970,0,0,2
570,570_West-Liguria,3,8,990,1.2e-08,250,7750,870,10,10,2
571,571_West-Liguria,3,8,960,8e-09,240,7950,740,10,20,2
